"","Sample","Barcode","Sample Number","Name","treatment","replicate","pool","polysome_frac"
"1","X20231023_LSG_poly_S1_L001:AAACAT","AAACAT",1,"Control_Rep1_Input","Control","Rep1","Input","Total"
"2","X20231023_LSG_poly_S1_L001:AAATCA","AAATCA",2,"Control_Rep1_Pool1","Control","Rep1","Pool1","Light"
"3","X20231023_LSG_poly_S1_L001:AACATA","AACATA",3,"Control_Rep1_Pool2","Control","Rep1","Pool2","Medium"
"4","X20231023_LSG_poly_S1_L001:AAGTTA","AAGTTA",4,"Control_Rep1_Pool3","Control","Rep1","Pool3","Heavy"
"5","X20231023_LSG_poly_S1_L001:AATATG","AATATG",5,"LSG2h_Rep1_Input","LSG2h","Rep1","Input","Total"
"6","X20231023_LSG_poly_S1_L001:AATGTA","AATGTA",6,"LSG2h_Rep1_Pool1","LSG2h","Rep1","Pool1","Light"
"7","X20231023_LSG_poly_S1_L001:AATTTC","AATTTC",7,"LSG2h_Rep1_Pool2","LSG2h","Rep1","Pool2","Medium"
"8","X20231023_LSG_poly_S1_L001:ACTAAA","ACTAAA",8,"LSG2h_Rep1_Pool3","LSG2h","Rep1","Pool3","Heavy"
"9","X20231023_LSG_poly_S1_L001:AGAATT","AGAATT",9,"LSG6h_Rep1_Input","LSG6h","Rep1","Input","Total"
"10","X20231023_LSG_poly_S1_L001:AGTATA","AGTATA",10,"LSG6h_Rep1_Pool1","LSG6h","Rep1","Pool1","Light"
"11","X20231023_LSG_poly_S1_L001:ATAAGT","ATAAGT",11,"LSG6h_Rep1_Pool2","LSG6h","Rep1","Pool2","Medium"
"12","X20231023_LSG_poly_S1_L001:ATAGAT","ATAGAT",12,"LSG6h_Rep1_Pool3","LSG6h","Rep1","Pool3","Heavy"
"13","X20231023_LSG_poly_S1_L001:ATATGA","ATATGA",13,"Control_Rep2_Input","Control","Rep2","Input","Total"
"14","X20231023_LSG_poly_S1_L001:ATCTAT","ATCTAT",14,"Control_Rep2_Pool1","Control","Rep2","Pool1","Light"
"15","X20231023_LSG_poly_S1_L001:ATGTAA","ATGTAA",15,"Control_Rep2_Pool2","Control","Rep2","Pool2","Medium"
"16","X20231023_LSG_poly_S1_L001:ATTATC","ATTATC",16,"Control_Rep2_Pool3","Control","Rep2","Pool3","Heavy"
"17","X20231023_LSG_poly_S1_L001:ATTGTT","ATTGTT",17,"LSG2h_Rep2_Input","LSG2h","Rep2","Input","Total"
"18","X20231023_LSG_poly_S1_L001:ATTTTG","ATTTTG",18,"LSG2h_Rep2_Pool1","LSG2h","Rep2","Pool1","Light"
"19","X20231023_LSG_poly_S1_L001:CATAAA","CATAAA",19,"LSG2h_Rep2_Pool2","LSG2h","Rep2","Pool2","Medium"
"20","X20231023_LSG_poly_S1_L001:CTAAAA","CTAAAA",20,"LSG2h_Rep2_Pool3","LSG2h","Rep2","Pool3","Heavy"
"21","X20231023_LSG_poly_S1_L001:CTTAAT","CTTAAT",21,"LSG6h_Rep2_Input","LSG6h","Rep2","Input","Total"
"22","X20231023_LSG_poly_S1_L001:GAATAT","GAATAT",22,"LSG6h_Rep2_Pool1","LSG6h","Rep2","Pool1","Light"
"23","X20231023_LSG_poly_S1_L001:GATTAA","GATTAA",23,"LSG6h_Rep2_Pool2","LSG6h","Rep2","Pool2","Medium"
"24","X20231023_LSG_poly_S1_L001:GTTAAA","GTTAAA",24,"LSG6h_Rep2_Pool3","LSG6h","Rep2","Pool3","Heavy"
"25","X20231023_LSG_poly_S1_L001:TAAAAC","TAAAAC",25,"Control_Rep3_Input","Control","Rep3","Input","Total"
"26","X20231023_LSG_poly_S1_L001:TAACAA","TAACAA",26,"Control_Rep3_Pool1","Control","Rep3","Pool1","Light"
"27","X20231023_LSG_poly_S1_L001:TAATAG","TAATAG",27,"Control_Rep3_Pool2","Control","Rep3","Pool2","Medium"
"28","X20231023_LSG_poly_S1_L001:TACAAA","TACAAA",28,"Control_Rep3_Pool3","Control","Rep3","Pool3","Heavy"
"29","X20231023_LSG_poly_S1_L001:TAGAAT","TAGAAT",29,"LSG2h_Rep3_Input","LSG2h","Rep3","Input","Total"
"30","X20231023_LSG_poly_S1_L001:TATAAG","TATAAG",30,"LSG2h_Rep3_Pool1","LSG2h","Rep3","Pool1","Light"
"31","X20231023_LSG_poly_S1_L001:TATCAT","TATCAT",31,"LSG2h_Rep3_Pool2","LSG2h","Rep3","Pool2","Medium"
"32","X20231023_LSG_poly_S1_L001:TATTAC","TATTAC",32,"LSG2h_Rep3_Pool3","LSG2h","Rep3","Pool3","Heavy"
"33","X20231023_LSG_poly_S1_L001:TCAAAA","TCAAAA",33,"LSG6h_Rep3_Input","LSG6h","Rep3","Input","Total"
"34","X20231023_LSG_poly_S1_L001:TCTAAT","TCTAAT",34,"LSG6h_Rep3_Pool1","LSG6h","Rep3","Pool1","Light"
"35","X20231023_LSG_poly_S1_L001:TGAATA","TGAATA",35,"LSG6h_Rep3_Pool2","LSG6h","Rep3","Pool2","Medium"
"36","X20231023_LSG_poly_S1_L001:TGTATT","TGTATT",36,"LSG6h_Rep3_Pool3","LSG6h","Rep3","Pool3","Heavy"
